,Silhouette_Score,Calinski_Harabasz_Score,Davies_Bouldin_Score,Inertia
3,0.357793388710272,101.6949470919303,1.050270139649266,295.2122461555488
4,0.4039582785148566,125.67639662405028,0.9307956868103672,205.22514747675922
5,0.41664341513732767,125.10094020060954,0.874551051002418,168.24758017556837
6,0.4284167762892593,135.10210365783408,0.8253539040983219,133.86842085478852
7,0.417231894954916,132.77430922888286,0.7934668170964964,117.01155455889811
