,Silhouette_Score,Calinski_Harabasz_Score,Davies_Bouldin_Score,Inertia,Composite_Score
3,0.0,0.0,0.0,0.0,0.0
4,0.6536770804565617,0.7178536576380188,0.4652371770398275,0.5049761472445425,0.5854360155947376
5,0.8332937351841988,0.7006281142935706,0.6842555107936348,0.7124813312585749,0.7326646728824948
6,1.0,1.0,0.8758307069984534,0.905405157831569,0.9453089662075056
7,0.8416263830188866,0.9303204861401754,1.0,1.0,0.9429867172897655
